[{"model": "api.question", "pk": 6, "fields": {"title": "Rb-Av-Cu\u00e1nto mide la avispa?", "question_type": 1, "sighting_type": 1, "is_active": true, "created_at": "2016-03-11T15:45:26.132Z", "updated_at": "2016-03-11T15:45:26.132Z"}}, {"model": "api.question", "pk": 7, "fields": {"title": "pregunta 2 (checkbox niu)", "question_type": 2, "sighting_type": 2, "is_active": true, "created_at": "2016-03-11T15:46:08.316Z", "updated_at": "2016-03-11T15:46:08.316Z"}}, {"model": "api.question", "pk": 8, "fields": {"title": "Rb-Av-C\u00f3mo?", "question_type": 1, "sighting_type": 1, "is_active": true, "created_at": "2016-03-11T15:46:37.578Z", "updated_at": "2016-03-11T15:46:37.578Z"}}, {"model": "api.question", "pk": 9, "fields": {"title": "pregunta 1 (checkbox niu)", "question_type": 2, "sighting_type": 2, "is_active": true, "created_at": "2016-03-11T15:46:40.116Z", "updated_at": "2016-03-11T15:46:40.116Z"}}, {"model": "api.question", "pk": 10, "fields": {"title": "pregunta 3 (checkbox niu)", "question_type": 2, "sighting_type": 2, "is_active": true, "created_at": "2016-03-11T15:46:51.684Z", "updated_at": "2016-03-11T15:46:51.684Z"}}, {"model": "api.question", "pk": 11, "fields": {"title": "pregunta 3 (checkbox niu) noactiva", "question_type": 2, "sighting_type": 2, "is_active": false, "created_at": "2016-03-11T15:47:24.451Z", "updated_at": "2016-03-11T15:47:24.451Z"}}, {"model": "api.question", "pk": 12, "fields": {"title": "Cb-Av-Qu\u00e9 hac\u00eda?", "question_type": 2, "sighting_type": 1, "is_active": true, "created_at": "2016-03-11T15:47:35.637Z", "updated_at": "2016-03-11T15:47:35.637Z"}}, {"model": "api.question", "pk": 13, "fields": {"title": "pregunta 5 (radio niu)", "question_type": 1, "sighting_type": 2, "is_active": true, "created_at": "2016-03-11T15:48:41.224Z", "updated_at": "2016-03-11T15:48:41.224Z"}}, {"model": "api.question", "pk": 14, "fields": {"title": "Rb-Ni-Es un nido muy muy grande?", "question_type": 2, "sighting_type": 2, "is_active": true, "created_at": "2016-03-11T15:51:28.452Z", "updated_at": "2016-03-11T15:51:28.452Z"}}, {"model": "api.question", "pk": 15, "fields": {"title": "Rb-Ni-De que color es el nidazo?", "question_type": 2, "sighting_type": 2, "is_active": true, "created_at": "2016-03-11T15:51:49.798Z", "updated_at": "2016-03-11T15:51:49.798Z"}}, {"model": "api.question", "pk": 16, "fields": {"title": "Cb-Ni-Es verde?", "question_type": 1, "sighting_type": 2, "is_active": true, "created_at": "2016-03-11T15:52:29.885Z", "updated_at": "2016-03-11T15:52:29.885Z"}}, {"model": "api.answer", "pk": 2, "fields": {"question": 6, "value": "<2cm", "created_at": "2016-03-11T15:50:35.929Z", "updated_at": "2016-03-11T15:50:35.929Z"}}, {"model": "api.answer", "pk": 3, "fields": {"question": 6, "value": "2-3cm", "created_at": "2016-03-11T15:50:49.802Z", "updated_at": "2016-03-11T15:50:49.802Z"}}, {"model": "api.answer", "pk": 4, "fields": {"question": 6, "value": "3-4cm", "created_at": "2016-03-11T15:50:58.241Z", "updated_at": "2016-03-11T15:50:58.241Z"}}, {"model": "api.answer", "pk": 5, "fields": {"question": 6, "value": ">4cm", "created_at": "2016-03-11T15:51:04.281Z", "updated_at": "2016-03-11T15:51:04.281Z"}}, {"model": "api.answer", "pk": 6, "fields": {"question": 12, "value": "Volaba", "created_at": "2016-03-11T15:51:28.013Z", "updated_at": "2016-03-11T15:51:28.013Z"}}, {"model": "api.answer", "pk": 7, "fields": {"question": 12, "value": "Cazaba", "created_at": "2016-03-11T15:52:17.064Z", "updated_at": "2016-03-11T15:52:17.064Z"}}, {"model": "api.answer", "pk": 8, "fields": {"question": 12, "value": "Com\u00eda fruta", "created_at": "2016-03-11T15:52:34.611Z", "updated_at": "2016-03-11T15:52:34.611Z"}}, {"model": "api.answer", "pk": 9, "fields": {"question": 12, "value": "Me pic\u00f3 la muy *****", "created_at": "2016-03-11T15:52:42.212Z", "updated_at": "2016-03-11T15:52:42.213Z"}}, {"model": "api.answer", "pk": 10, "fields": {"question": 8, "value": "Bien", "created_at": "2016-03-11T15:53:12.446Z", "updated_at": "2016-03-11T15:53:12.446Z"}}, {"model": "api.answer", "pk": 11, "fields": {"question": 8, "value": "Mal", "created_at": "2016-03-11T15:53:19.071Z", "updated_at": "2016-03-11T15:53:19.071Z"}}, {"model": "api.answer", "pk": 12, "fields": {"question": 8, "value": "Regular", "created_at": "2016-03-11T15:53:23.551Z", "updated_at": "2016-03-11T15:53:23.551Z"}}, {"model": "api.answer", "pk": 13, "fields": {"question": 14, "value": "Si", "created_at": "2016-03-11T15:53:44.472Z", "updated_at": "2016-03-11T15:53:44.472Z"}}, {"model": "api.answer", "pk": 14, "fields": {"question": 15, "value": "Rojo", "created_at": "2016-03-11T15:54:26.581Z", "updated_at": "2016-03-11T15:54:26.581Z"}}, {"model": "api.answer", "pk": 15, "fields": {"question": 15, "value": "Magenta verdoso", "created_at": "2016-03-11T15:55:01.853Z", "updated_at": "2016-03-11T15:55:01.853Z"}}, {"model": "api.answer", "pk": 16, "fields": {"question": 15, "value": "Muy amarillento y verde con una pizca de rojo", "created_at": "2016-03-11T15:55:29.552Z", "updated_at": "2016-03-11T15:55:29.552Z"}}, {"model": "api.answer", "pk": 17, "fields": {"question": 7, "value": "resposta 2-1", "created_at": "2016-03-11T15:56:35.426Z", "updated_at": "2016-03-11T15:56:35.426Z"}}, {"model": "api.answer", "pk": 18, "fields": {"question": 7, "value": "resposta 2-2", "created_at": "2016-03-11T15:56:41.631Z", "updated_at": "2016-03-11T15:56:41.631Z"}}, {"model": "api.answer", "pk": 19, "fields": {"question": 7, "value": "resposta 2-3", "created_at": "2016-03-11T15:56:49.362Z", "updated_at": "2016-03-11T15:56:49.362Z"}}, {"model": "api.answer", "pk": 20, "fields": {"question": 9, "value": "resposta 1-1", "created_at": "2016-03-11T15:57:11.578Z", "updated_at": "2016-03-11T15:57:11.578Z"}}, {"model": "api.answer", "pk": 21, "fields": {"question": 9, "value": "resposta 1-2", "created_at": "2016-03-11T15:57:18.655Z", "updated_at": "2016-03-11T15:57:18.655Z"}}, {"model": "api.answer", "pk": 22, "fields": {"question": 10, "value": "resposta 3-1", "created_at": "2016-03-11T15:57:56.229Z", "updated_at": "2016-03-11T15:57:56.229Z"}}, {"model": "api.answer", "pk": 23, "fields": {"question": 10, "value": "resposta 3-2", "created_at": "2016-03-11T15:58:05.789Z", "updated_at": "2016-03-11T15:58:05.789Z"}}, {"model": "api.answer", "pk": 24, "fields": {"question": 14, "value": "mucho", "created_at": "2016-03-11T16:26:16.909Z", "updated_at": "2016-03-11T16:26:16.909Z"}}, {"model": "api.sighting", "pk": 2, "fields": {"lat": 1.2052, "lng": 2.324, "location": null, "status": 0, "free_text": "Aqu\u00ed cerca", "type": 1, "public": false, "reported_by": null, "moderator": null, "is_valid": null, "created_at": "2016-03-11T16:07:11.216Z", "updated_at": "2016-03-11T16:07:11.216Z", "answers": []}}, {"model": "api.sighting", "pk": 3, "fields": {"lat": 3.12312, "lng": 12.123123, "location": null, "status": 1, "free_text": "Aqu\u00ed cerca", "type": 1, "public": false, "reported_by": null, "moderator": null, "is_valid": null, "created_at": "2016-03-11T16:14:28.916Z", "updated_at": "2016-03-11T16:14:28.916Z", "answers": []}}, {"model": "api.sighting", "pk": 4, "fields": {"lat": -3.0, "lng": -4.0, "location": null, "status": 3, "free_text": "No se que hacer", "type": 1, "public": false, "reported_by": null, "moderator": null, "is_valid": false, "created_at": "2016-03-11T16:16:39.177Z", "updated_at": "2016-03-11T16:16:39.177Z", "answers": [5, 7, 15]}}, {"model": "api.sighting", "pk": 5, "fields": {"lat": 18.0, "lng": 8.0, "location": null, "status": 0, "free_text": "Al lado de mi casa", "type": 2, "public": false, "reported_by": 4, "moderator": 2, "is_valid": true, "created_at": "2016-03-11T16:24:27.299Z", "updated_at": "2016-03-11T16:24:27.299Z", "answers": [16]}}, {"model": "api.picture", "pk": 1, "fields": {"file": "sightings/tarantino.jpg", "sighting": 2, "created_at": "2016-03-11T16:23:06.134Z", "updated_at": "2016-03-11T16:23:06.134Z"}}, {"model": "api.picture", "pk": 2, "fields": {"file": "sightings/snapshot88.png", "sighting": 3, "created_at": "2016-03-11T16:23:22.492Z", "updated_at": "2016-03-11T16:23:22.492Z"}}, {"model": "api.picture", "pk": 3, "fields": {"file": "sightings/10628325_10204156517806121_988494596058692644_n.jpg", "sighting": 4, "created_at": "2016-03-11T16:23:57.529Z", "updated_at": "2016-03-11T16:23:57.529Z"}}, {"model": "api.expertcomment", "pk": 1, "fields": {"user": 4, "sighting": 3, "body": "Creo que es la leche", "is_valid": true, "created_at": "2016-03-11T16:19:34.555Z", "updated_at": "2016-03-11T16:19:34.555Z"}}, {"model": "api.expertcomment", "pk": 2, "fields": {"user": 4, "sighting": 2, "body": "exp 1 sigh 2 unkdnown", "is_valid": null, "created_at": "2016-03-11T16:19:45.612Z", "updated_at": "2016-03-11T16:19:45.612Z"}}, {"model": "api.expertcomment", "pk": 3, "fields": {"user": 4, "sighting": 4, "body": "Es una hormiga, no una avispa.", "is_valid": false, "created_at": "2016-03-11T16:19:51.561Z", "updated_at": "2016-03-11T16:19:51.561Z"}}, {"model": "api.expertcomment", "pk": 4, "fields": {"user": 2, "sighting": 2, "body": "Yo creo que si, que alguien lo confirme", "is_valid": null, "created_at": "2016-03-11T16:19:53.429Z", "updated_at": "2016-03-11T16:19:53.429Z"}}, {"model": "api.expertcomment", "pk": 5, "fields": {"user": 2, "sighting": 3, "body": "pa k kieres saber eso jaja salu2", "is_valid": null, "created_at": "2016-03-11T16:20:35.500Z", "updated_at": "2016-03-11T16:20:35.500Z"}}, {"model": "api.expertcomment", "pk": 6, "fields": {"user": 4, "sighting": 3, "body": "Pues va a ser que si", "is_valid": true, "created_at": "2016-03-11T16:20:46.637Z", "updated_at": "2016-03-11T16:20:48.898Z"}}, {"model": "api.expertcomment", "pk": 7, "fields": {"user": 4, "sighting": 3, "body": "yo k se tio xddd", "is_valid": null, "created_at": "2016-03-11T16:21:21.564Z", "updated_at": "2016-03-11T16:21:21.564Z"}}, {"model": "api.expertcomment", "pk": 8, "fields": {"user": 4, "sighting": 2, "body": "n t raies loko", "is_valid": null, "created_at": "2016-03-11T16:21:34.050Z", "updated_at": "2016-03-11T16:21:34.050Z"}}, {"model": "api.expertcomment", "pk": 9, "fields": {"user": 3, "sighting": 3, "body": "es un elefante", "is_valid": false, "created_at": "2016-03-11T16:23:45.053Z", "updated_at": "2016-03-11T16:23:45.053Z"}}, {"model": "api.usercomment", "pk": 1, "fields": {"user": 3, "sighting": 2, "body": "Mis dies", "moderated": false, "created_at": "2016-03-11T16:20:36.309Z", "updated_at": "2016-03-11T16:20:36.309Z"}}, {"model": "api.usercomment", "pk": 2, "fields": {"user": 3, "sighting": 4, "body": "Esa avispa es muy grande. Xat ia", "moderated": true, "created_at": "2016-03-11T16:21:13.902Z", "updated_at": "2016-03-11T16:21:13.902Z"}}, {"model": "api.usercomment", "pk": 3, "fields": {"user": 3, "sighting": 3, "body": "Yo tambi\u00e9n he visto una muy silimar all\u00ed cerca.", "moderated": true, "created_at": "2016-03-11T16:22:15.985Z", "updated_at": "2016-03-11T16:22:15.985Z"}}, {"model": "api.usercomment", "pk": 4, "fields": {"user": 3, "sighting": 5, "body": "Yo creo que he visto 3", "moderated": false, "created_at": "2016-03-11T16:25:04.930Z", "updated_at": "2016-03-11T16:25:04.930Z"}}, {"model": "api.usercomment", "pk": 5, "fields": {"user": 2, "sighting": 3, "body": "Era muy grande y muy gorda...", "moderated": false, "created_at": "2016-03-11T16:25:24.514Z", "updated_at": "2016-03-11T16:25:24.514Z"}}, {"model": "api.usercomment", "pk": 6, "fields": {"user": 3, "sighting": 5, "body": "Tengo miedo, no quiero que se acerquen a mis hijos", "moderated": false, "created_at": "2016-03-11T16:25:54.539Z", "updated_at": "2016-03-11T16:25:54.539Z"}}]